"step","z","err","allow","zrate","theta","radius","stable","guard","soft","mp"
"1","160","0","0","0","0","0",,,,
"2","160","14.26","42.76","-6.3","-0.162","-0.77","0","False","True","geometry_subpixel"
"3","159.38","15.89","42","-6.3","-0.29","-0.474","0","False","True","geometry_subpixel"
"4","158.76","11.65","41.21","-6.3","-0.138","-0.599","0","False","True","geometry_subpixel"
"5","157.81","11.63","40.04","-6.3","-0.163","-0.518","0","False","True","geometry_subpixel"
"6","156.87","14.33","38.87","-6.3","-0.105","-0.81","0","False","True","geometry_subpixel"
"7","156.24","12.78","38.08","-6.3","-0.127","-0.663","0","False","True","geometry_subpixel"
"8","155.29","16.78","36.91","-6.3","-0.166","-0.853","0","False","True","geometry_subpixel"
"9","154.35","14.92","35.74","-6.3","-0.066","-0.844","0","False","True","geometry_subpixel"
"10","153.71","14.46","34.96","-6.3","-0.044","-0.821","0","False","True","geometry_subpixel"
"11","152.46","15.73","33.39","-6.3","-0.169","-0.715","0","False","True","geometry_subpixel"
"12","151.82","14.86","32.61","-6.3","0.028","-0.82","0","False","True","geometry_subpixel"
"13","150.57","13.61","31.05","-6.3","-0.144","-0.587","0","False","True","geometry_subpixel"
"14","149.93","12.25","30.26","-2.2","-0.093","-0.588","0","True","True","center_subpixel"
"15","149.51","13.57","29.74","-2.2","-0.077","-0.678","0","True","True","center_subpixel"
"16","149.07","14.14","29.19","-2.2","-0.063","-0.716","0","True","True","center_subpixel"
"17","148.85","13.05","28.91","-2.2","-0.077","-0.639","0","True","True","center_subpixel"
"18","148.52","12.75","28.5","-2.2","-0.075","-0.619","0","True","True","center_subpixel"
"19","148.19","12.72","28.09","-2.2","-0.064","-0.625","0","True","True","center_subpixel"
"20","147.97","12.77","27.82","-2.2","-0.072","-0.616","0","True","True","center_subpixel"
"21","147.63","11.55","27.41","-2.2","-0.082","-0.531","0","True","True","center_subpixel"
"22","147.3","10.04","27","-2.2","-0.098","-0.409","0","True","True","center_subpixel"
"23","147.08","8.57","26.72","-2.2","-0.032","-0.115","0","True","True","center_subpixel"
"24","146.75","6.68","26.31","-2.2","-0.035","-0.044","1","True","True","center_subpixel"
"25","146.42","6.89","25.9","-6.3","-0.039","-0.003","2","True","False","center_subpixel"
"26","146","5.67","25.38","-6.3","-0.032","-0.003","3","True","False","center_subpixel"
"27","145.05","6.8","24.2","-6.3","-0.035","0.038","4","True","False","center_subpixel"
"28","144.11","7.39","23.03","-6.3","-0.035","0.054","5","True","False","center_subpixel"
"29","143.48","7.82","22.25","-6.3","-0.037","0.056","6","True","False","center_subpixel"
"30","142.53","8.74","21.07","-2.2","-0.039","0.069","0","True","True","center_subpixel"
"31","142","8.44","20.41","-2.2","-0.036","0.071","0","True","True","center_subpixel"
"32","141.78","8.78","20.14","-2.2","-0.036","0.079","0","True","True","center_subpixel"
"33","141.45","7.66","19.73","-2.2","-0.034","0.056","1","True","True","center_subpixel"
"34","141.12","9.57","19.32","-2.2","-0.036","0.097","0","True","True","center_subpixel"
"35","140.89","9.05","19.04","-2.2","-0.032","0.096","0","True","True","center_subpixel"
"36","140.56","10.79","18.63","-2.2","-0.104","0.341","0","True","True","center_subpixel"
"37","140.23","13.11","18.22","-2.2","-0.109","0.452","0","True","True","center_subpixel"
"38","140.01","9.81","17.95","-2.2","-0.028","0.118","0","True","True","center_subpixel"
"39","139.57","10.74","17.4","-2.16","-0.099","0.335","0","True","True","center_subpixel"
"40","139.35","13.08","17.13","-2.13","-0.135","0.358","0","True","True","center_subpixel"
"41","138.92","10.77","16.6","-2.09","-0.115","0.272","0","True","True","center_subpixel"
"42","138.72","10.61","16.34","-2.06","-0.115","0.257","0","True","True","center_subpixel"
"43","138.4","11.21","15.95","-2.03","-0.107","0.319","0","True","True","center_subpixel"
"44","138.1","9.47","15.57","-2","-0.032","0.092","0","True","True","center_subpixel"
"45","137.9","11.6","15.32","-1.97","-0.116","0.301","0","True","True","center_subpixel"
"46","137.6","10.74","14.95","-1.94","-0.109","0.267","0","True","True","center_subpixel"
"47","137.31","9.98","14.59","-1.91","-0.034","0.09","0","True","True","center_subpixel"
"48","137.12","9.69","14.35","-1.89","-0.032","0.089","0","True","True","center_subpixel"
"49","136.83","10.32","14","-1.86","-0.105","0.243","0","True","True","center_subpixel"
"50","136.55","10.7","13.65","-1.82","-0.106","0.258","0","True","True","center_subpixel"
"51","136.37","11.73","13.42","-1.8","-0.109","0.305","0","True","True","center_subpixel"
"52","136.1","11.67","13.08","-1.77","-0.093","0.346","0","True","True","center_subpixel"
"53","135.83","11.08","12.75","-1.74","-0.101","0.285","0","True","True","center_subpixel"
"54","135.65","9.81","12.53","-1.73","-0.035","0.071","0","True","True","center_subpixel"
"55","135.39","8.68","12.21","-1.7","-0.035","0.041","0","True","True","center_subpixel"
"56","135.13","9.44","11.89","-1.67","-0.037","0.048","0","True","True","center_subpixel"
"57","134.97","7.9","11.68","-1.65","-0.031","0.039","1","True","True","center_subpixel"
"58","134.72","9.06","11.37","-1.62","-0.036","0.042","0","True","True","center_subpixel"
"59","134.47","10.09","11.07","-1.6","-0.108","0.161","0","True","True","center_subpixel"
"60","134.31","7.4","10.87","-1.58","-0.029","0.034","1","True","True","center_subpixel"
"61","134.07","8.71","10.57","-1.55","-0.034","0.039","0","True","True","center_subpixel"
"62","133.84","9.42","10.28","-1.53","-0.034","0.055","0","True","True","center_subpixel"
"63","133.69","9.66","10.09","-1.51","-0.034","0.058","0","True","True","center_subpixel"
"64","133.46","7.73","9.81","-1.48","-0.029","0.038","1","True","True","center_subpixel"
"65","133.24","9.64","9.53","0","-0.034","0.055","0","True","False","center_subpixel"
"66","133.24","10.11","9.53","0","-0.104","0.156","0","True","False","center_subpixel"
"67","133.24","9.2","9.53","-1.46","-0.033","0.049","0","True","True","center_subpixel"
"68","133.24","10.97","9.53","0","-0.113","0.172","0","True","False","center_subpixel"
"69","133.09","10.8","9.35","0","-0.11","0.17","0","True","False","center_subpixel"
"70","133.09","10.05","9.35","0","-0.1","0.175","0","True","False","center_subpixel"
"71","133.09","10.62","9.35","0","-0.105","0.186","0","True","False","center_subpixel"
"72","133.09","12.03","9.35","0","-0.116","0.227","0","True","False","center_subpixel"
"73","133.09","10.79","9.35","0","-0.101","0.215","0","True","False","center_subpixel"
"74","133.09","10.7","9.35","0","-0.097","0.227","0","True","False","center_subpixel"
"75","133.09","12.03","9.35","0","-0.115","0.232","0","True","False","center_subpixel"
"76","133.09","10.13","9.35","0","-0.105","0.147","0","True","False","center_subpixel"
"77","133.09","9.92","9.35","0","-0.036","0.05","0","True","False","center_subpixel"
"78","133.09","10.18","9.35","0","-0.11","0.111","0","True","False","center_subpixel"
"79","133.09","9.44","9.35","0","-0.035","0.045","0","True","False","center_subpixel"
"80","133.09","10.16","9.35","0","-0.105","0.15","0","True","False","center_subpixel"
"81","133.09","10.75","9.35","0","-0.109","0.174","0","True","False","center_subpixel"
"82","133.09","10.5","9.35","0","-0.103","0.19","0","True","False","center_subpixel"
"83","133.09","11.06","9.35","0","-0.114","0.167","0","True","False","center_subpixel"
"84","133.09","11.79","9.35","0","-0.116","0.207","0","True","False","center_subpixel"
"85","133.09","11.47","9.35","0","-0.12","0.161","0","True","False","center_subpixel"
"86","133.09","10.28","9.35","0","-0.107","0.145","0","True","False","center_subpixel"
"87","133.09","10.87","9.35","0","-0.108","0.185","0","True","False","center_subpixel"
"88","133.09","9.57","9.35","0","-0.035","0.048","0","True","False","center_subpixel"
"89","133.09","10","9.35","0","-0.104","0.146","0","True","False","center_subpixel"
"90","133.09","11.47","9.35","0","-0.112","0.206","0","True","False","center_subpixel"
"91","133.09","10.46","9.35","0","-0.107","0.16","0","True","False","center_subpixel"
"92","133.09","9.98","9.35","0","-0.035","0.056","0","True","False","center_subpixel"
"93","133.09","11.26","9.35","0","-0.114","0.182","0","True","False","center_subpixel"
"94","133.09","7.63","9.35","-1.44","-0.028","0.038","1","True","True","center_subpixel"
"95","133.02","10.89","9.26","0","-0.111","0.17","0","True","False","center_subpixel"
"96","132.87","10.04","9.08","0","-0.104","0.143","0","True","False","center_subpixel"
"97","132.87","10.5","9.08","0","-0.109","0.146","0","True","False","center_subpixel"
"98","132.87","9.01","9.08","-1.42","-0.033","0.041","0","True","True","center_subpixel"
"99","132.8","9.24","9","0","-0.034","0.044","0","True","False","center_subpixel"
"100","132.73","8.55","8.91","-1.4","-0.032","0.033","0","True","True","center_subpixel"
"101","132.59","9.1","8.73","0","-0.034","0.037","0","True","False","center_subpixel"
"102","132.52","10.12","8.65","0","-0.104","0.141","0","True","False","center_subpixel"
"103","132.52","8.55","8.65","-1.38","-0.031","0.042","0","True","True","center_subpixel"
"104","132.38","10.17","8.48","0","-0.106","0.124","0","True","False","center_subpixel"
"105","132.31","10.42","8.39","0","-0.109","0.126","0","True","False","center_subpixel"
"106","132.31","9.03","8.39","0","-0.032","0.044","0","True","False","center_subpixel"
"107","132.31","10.47","8.39","0","-0.109","0.127","0","True","False","center_subpixel"
"108","132.31","9.99","8.39","0","-0.036","0.042","0","True","False","center_subpixel"
"109","132.31","10.54","8.39","0","-0.109","0.134","0","True","False","center_subpixel"
"110","132.31","10.07","8.39","0","-0.104","0.128","0","True","False","center_subpixel"
"111","132.31","10.06","8.39","0","-0.106","0.11","0","True","False","center_subpixel"
"112","132.31","10.57","8.39","0","-0.108","0.143","0","True","False","center_subpixel"
"113","132.31","10.28","8.39","0","-0.108","0.118","0","True","False","center_subpixel"
"114","132.31","9.82","8.39","0","-0.035","0.046","0","True","False","center_subpixel"
"115","132.31","9.09","8.39","0","-0.033","0.039","0","True","False","center_subpixel"
"116","132.31","8.64","8.39","0","-0.031","0.039","0","True","False","center_subpixel"
"117","132.31","8.88","8.39","0","-0.033","0.033","0","True","False","center_subpixel"
"118","132.31","11.01","8.39","0","-0.11","0.166","0","True","False","center_subpixel"
"119","132.31","9.09","8.39","0","-0.033","0.037","0","True","False","center_subpixel"
"120","132.31","10.48","8.39","0","-0.109","0.131","0","True","False","center_subpixel"
"121","132.31","10.75","8.39","0","-0.118","0.07","0","True","False","center_subpixel"
"122","132.31","9.83","8.39","0","-0.038","0.013","0","True","False","center_subpixel"
"123","132.31","10.93","8.39","0","-0.121","0.042","0","True","False","center_subpixel"
"124","132.31","10.19","8.39","0","-0.113","0.041","0","True","False","center_subpixel"
"125","132.31","8.95","8.39","0","-0.035","0.011","0","True","False","center_subpixel"
"126","132.31","8.47","8.39","0","-0.033","-0.003","0","True","False","center_subpixel"
"127","132.31","10.59","8.39","0","-0.118","0.029","0","True","False","center_subpixel"
